gold_uuids,,,,,,,,
c4c943cb6f373f094bd5765a033a5c2446d4a2ff,,,,,,,,
bbc70ee7305eb66ae0663646d3d4b41abea8cbd9,,,,,,,,
4a5eaaf1ac778e0612c70b7691b790f5da4605db,,,,,,,,
bd52102dd9d9fe8760e28754f0297eb0709ddfcd,,,,,,,,
bfd5b9f8f0d5cf99aae7a765204a0f35691fe524,,,,,,,,
3575171a95bf95362b6ab50c70c42110a4126ff9,,,,,,,,
6759979ebdede7af1ee3787359507f7e66a7ede9,,,,,,,,
3bd8d8494dcaf6dea79c462f9b378c8a1f372375,,,,,,,,
5728857f1236aa78f8ddac7e5175bf3c99461154,,,,,,,,
5f730d5c691f556533af5249645f9e795153069c,,,,,,,,
32acd21266e10bcab38342864663acf05a1658cf,,,,,,,,
e5271d3318a27ede4c6853913da4b37c55c3e2ea,,,,,,,,